Timestamp,User Count,Type,Name,Requests/s,Failures/s,50%,66%,75%,80%,90%,95%,98%,99%,99.9%,99.99%,100%,Total Request Count,Total Failure Count,Total Median Response Time,Total Average Response Time,Total Min Response Time,Total Max Response Time,Total Average Content Size

1789483873,0,,Aggregated,0.000000,0.000000,N/A,N/A,N/A,N/A,N/A,N/A,N/A,N/A,N/A,N/A,N/A,0,0,0,0.0,0,0,0

1789483874,15,,Aggregated,0.000000,0.000000,10,14,16,18,21,25,37,40,40,40,40,75,0,10,10.897069333462666,0,39.509099966380745,557.04

1789483875,30,,Aggregated,0.000000,0.000000,16,22,26,32,50,69,86,130,140,140,140,147,0,16,21.106232654382506,0,135.77439996879548,793.8163265306123

1789483876,45,,Aggregated,75.000000,0.000000,15,24,27,31,43,54,78,86,140,140,140,229,0,15,19.299827948769792,0,135.77439996879548,694.4978165938865

1789483877,60,,Aggregated,65.500000,0.000000,13,20,24,27,38,53,76,86,140,140,140,308,0,13,17.323160390168514,0,135.77439996879548,643.5194805194806

1789483878,75,,Aggregated,71.666667,0.000000,12,18,22,25,33,48,76,92,140,140,140,395,0,12,16.053105063728186,0,135.77439996879548,698.5417721518987

1789483879,105,,Aggregated,74.750000,0.000000,13,20,26,31,42,69,140,160,240,240,240,485,0,13,20.295141650383965,0,235.29809998581186,651.6845360824742

1789483880,120,,Aggregated,75.200000,0.000000,12,19,24,27,40,54,120,150,240,240,240,585,0,12,18.589169402603602,0,235.29809998581186,674.7213675213675

1789483881,135,,Aggregated,71.333333,0.000000,10,17,21,25,38,50,92,150,240,240,240,682,0,10,16.750020674865453,0,235.29809998581186,636.3519061583578

1789483882,150,,Aggregated,79.142857,0.000000,9,14,19,23,35,47,86,140,240,240,240,788,0,9,15.077145812508821,0,235.29809998581186,650.3172588832488

1789483883,165,,Aggregated,83.000000,0.000000,8,13,17,21,33,44,83,140,240,240,240,898,0,8,13.88293786266381,0,235.29809998581186,615.521158129176

1789483884,180,,Aggregated,84.777778,0.000000,8,13,18,21,32,44,78,130,170,240,240,1004,0,8,13.695525399134661,0,235.29809998581186,593.6294820717131

1789483885,195,,Aggregated,86.800000,0.000000,8,14,20,24,37,50,78,120,170,240,240,1127,0,8,14.60635856321179,0,235.29809998581186,598.6663708961846

1789483886,200,,Aggregated,88.700000,0.000000,8,14,20,25,37,49,76,110,170,240,240,1261,0,8,14.44799833523603,0,235.29809998581186,567.1181601903252

1789483887,200,,Aggregated,93.900000,0.000000,8,13,20,24,36,48,76,100,170,240,240,1330,0,8,13.891300977902361,0,235.29809998581186,548.9902255639098

1789483888,200,,Aggregated,97.400000,0.000000,7,13,19,23,35,46,72,100,170,240,240,1384,0,7,13.383338800977008,0,235.29809998581186,554.6423410404624

1789483889,200,,Aggregated,98.700000,0.000000,6,12,18,22,34,46,72,94,170,240,240,1448,0,6,12.83265372961007,0,235.29809998581186,531.4261049723757

1789483890,200,,Aggregated,96.300000,0.000000,6,11,17,21,33,46,71,94,170,240,240,1496,0,5,12.420910829194774,0,235.29809998581186,514.375

1789483891,200,,Aggregated,97.400000,0.000000,5,11,17,21,32,45,69,92,170,240,240,1558,0,5,11.968246919466111,0,235.29809998581186,519.1341463414634

1789483892,200,,Aggregated,90.400000,0.000000,4,10,16,20,32,44,69,92,170,240,240,1616,0,4,11.53993112656448,0,235.29809998581186,500.50185643564356

1789483893,200,,Aggregated,84.800000,0.000000,2,10,16,20,32,44,69,92,170,240,240,1660,0,2,11.243349277455337,0,235.29809998581186,488.05120481927713

1789483894,200,,Aggregated,80.600000,0.000000,0,9,14,19,31,44,69,86,170,240,240,1744,0,0,10.737693406277018,0,235.29809998581186,465.82798165137615

1789483895,200,,Aggregated,75.800000,0.000000,0,9,14,18,31,43,66,85,170,240,240,1803,0,0,10.411412590444945,0,235.29809998581186,451.1087077093733

1789483896,200,,Aggregated,71.900000,0.000000,0,9,13,18,30,43,66,85,170,240,240,1860,0,0,10.108327419648537,0,235.29809998581186,438.1983870967742

1789483897,200,,Aggregated,68.700000,0.000000,0,8,13,17,30,42,65,84,170,240,240,1915,0,0,9.853589765310005,0,235.29809998581186,445.21618798955615

1789483898,200,,Aggregated,62.600000,0.000000,0,8,12,17,29,41,63,84,170,240,240,1972,0,0,9.594457302537215,0,235.29809998581186,433.1024340770791

1789483899,200,,Aggregated,58.500000,0.000000,0,8,12,16,29,41,62,83,170,240,240,2032,0,0,9.34286112235639,0,235.29809998581186,456.8937007874016

1789483900,200,,Aggregated,58.600000,0.000000,0,8,11,16,28,41,61,83,170,240,240,2085,0,0,9.111063213723018,0,235.29809998581186,445.5400479616307

1789483901,200,,Aggregated,58.300000,0.000000,0,7,11,15,27,40,57,80,170,240,240,2150,0,0,8.876693349158998,0,235.29809998581186,450.06976744186045

1789483902,200,,Aggregated,58.800000,0.000000,0,7,11,14,27,39,56,79,170,240,240,2215,0,0,8.627462573686476,0,235.29809998581186,437.3828442437923

1789483903,200,,Aggregated,58.300000,0.000000,0,6,10,14,27,38,56,79,170,240,240,2270,0,0,8.441767401148315,0,235.29809998581186,427.79118942731276

1789483904,200,,Aggregated,59.100000,0.000000,0,6,10,14,26,38,55,78,170,240,240,2316,0,0,8.274530224786993,0,235.29809998581186,419.2944732297064

1789483905,200,,Aggregated,60.000000,0.000000,0,5,10,13,26,38,55,78,170,240,240,2384,0,0,8.079045847563414,0,235.29809998581186,423.5784395973154

1789483906,200,,Aggregated,59.700000,0.000000,0,5,10,13,25,38,54,78,170,240,240,2445,0,0,7.892517300838212,0,235.29809998581186,413.53783231083844

1789483907,200,,Aggregated,57.100000,0.000000,0,5,9,13,25,37,54,78,170,240,240,2491,0,0,7.758448454644307,0,235.29809998581186,406.5744680851064

1789483908,200,,Aggregated,58.200000,0.000000,0,4,9,12,24,37,53,76,170,240,240,2558,0,0,7.58293573122615,0,235.29809998581186,410.7861610633307

1789483909,200,,Aggregated,58.100000,0.000000,0,3,9,12,24,36,53,76,170,240,240,2624,0,0,7.410602553528251,0,235.29809998581186,429.0285823170732

1789483910,200,,Aggregated,57.200000,0.000000,0,1,9,12,24,36,52,76,170,240,240,2666,0,0,7.300264216202995,0,235.29809998581186,422.7726931732933

1789483911,200,,Aggregated,57.800000,0.000000,0,1,8,11,23,35,52,72,170,240,240,2726,0,0,7.146266544528472,0,235.29809998581186,413.9567131327953

1789483912,200,,Aggregated,58.500000,0.000000,0,1,8,11,23,35,52,72,170,240,240,2790,0,0,7.006176523412962,0,235.29809998581186,418.2491039426523

1789483913,200,,Aggregated,57.500000,0.000000,0,1,8,11,23,34,51,72,170,240,240,2851,0,0,6.874096667966686,0,235.29809998581186,409.95194668537357

1789483914,200,,Aggregated,57.200000,0.000000,0,0,8,10,22,34,51,71,170,240,240,2910,0,0,6.745464639315746,0,235.29809998581186,401.84639175257735

1789483915,200,,Aggregated,57.000000,0.000000,0,0,8,10,22,34,51,71,170,240,240,2977,0,0,6.614128283656405,0,235.29809998581186,405.918374202217

1789483916,200,,Aggregated,57.700000,0.000000,0,0,8,10,21,33,50,69,170,240,240,3022,0,0,6.521507114621156,0,235.29809998581186,400.175380542687

1789483917,200,,Aggregated,58.500000,0.000000,0,0,8,10,21,33,50,69,170,240,240,3090,0,0,6.390785339915022,0,235.29809998581186,392.09417475728156

1789483918,200,,Aggregated,58.100000,0.000000,0,0,7,10,21,32,50,69,170,240,240,3150,0,0,6.282554349299255,0,235.29809998581186,385.284126984127

1789483919,200,,Aggregated,57.100000,0.000000,0,0,7,9,20,32,49,69,170,240,240,3198,0,0,6.197178705523939,0,235.29809998581186,379.55065666041276

1789483920,200,,Aggregated,59.500000,0.000000,0,0,7,9,20,32,49,69,170,240,240,3255,0,0,6.098967373369693,0,235.29809998581186,373.4457757296467

1789483921,200,,Aggregated,58.900000,0.000000,0,0,7,9,20,32,48,69,170,240,240,3311,0,0,6.009871126632019,0,235.29809998581186,378.6439142253096

1789483922,200,,Aggregated,57.000000,0.000000,0,0,6,9,20,31,47,69,170,240,240,3376,0,0,5.911969016672176,0,235.29809998581186,371.8785545023697

1789483923,200,,Aggregated,58.500000,0.000000,0,0,6,9,19,31,47,69,170,240,240,3428,0,0,5.830597345454807,0,235.29809998581186,366.60035005834305

1789483925,200,,Aggregated,58.000000,0.000000,0,0,6,9,19,31,46,69,170,240,240,3488,0,0,5.75473976497877,0,235.29809998581186,371.64592889908255

1789483926,200,,Aggregated,58.000000,0.000000,0,0,5,8,19,31,46,69,170,240,240,3538,0,0,5.673977473218188,0,235.29809998581186,366.39372526851326

1789483927,200,,Aggregated,57.300000,0.000000,0,0,5,8,19,31,46,66,170,240,240,3604,0,0,5.579821753655183,0,235.29809998581186,360.30743618201996

1789483928,200,,Aggregated,56.000000,0.000000,0,0,5,8,18,30,46,66,170,240,240,3665,0,0,5.50115148710153,0,235.29809998581186,354.84665757162344

1789483929,200,,Aggregated,57.800000,0.000000,0,0,4,8,18,30,46,66,170,240,240,3720,0,0,5.431200376414739,0,235.29809998581186,360.0293010752688

1789483930,200,,Aggregated,57.100000,0.000000,0,0,4,8,18,30,46,66,170,240,240,3787,0,0,5.355983945160144,0,235.29809998581186,364.0306311064167

1789483931,200,,Aggregated,56.600000,0.000000,0,0,4,8,18,30,45,65,170,240,240,3840,0,0,5.293407083411754,0,235.29809998581186,359.4484375

1789483932,200,,Aggregated,58.000000,0.000000,0,0,2,8,17,30,45,65,170,240,240,3898,0,0,5.219490379764182,0,235.29809998581186,354.3804515135967



